Analaysis Summary,,,
"Weekly sales performance review covering Jan 2025 to Feb 2026, focused on target variance, cumulative recovery, and weekday revenue structure.",,,
,,,
,,,
Performance Summary,,,
,,,
1,"Sales underperformed target in the early part of 2025, with April 2025 emerging as the weakest full month.",,
2,"Performance recovered strongly from June to September 2025, with August 2025 delivering the highest monthly sales and strongest positive variance.",,
3,"Rolling variance moved from a negative position into sustained positive territory by mid 2025, indicating cumulative recovery against target.",,
4,"Revenue is concentrated toward the end of the week, with Friday and Saturday producing the highest average daily sales, suggesting strong weekend dependence.",,
,,,
,,,
Business Implications,,,
1,Early week demand appears comparatively weak and may represent an opportunity for targeted sales improvement.,,
2,End of week concentration suggests that operational disruptions on Friday or Saturday could have disproportionate revenue impact.,,
3,Rolling variance is a stronger measure of recovery than single month performance because it shows whether gains are cumulative.,,
4,The mid 2025 uplift appears to reflect a genuine improvement phase rather than random fluctuation.,,